{
    "vcs_paramclassrepository": [
        "vcs_paramclassrepository",
        "hEeZs",
        "module",
        1
    ],
    "dut_dummy": [
        "dut_dummy",
        "SfAKH",
        "module",
        5
    ],
    "ubus_if": [
        "ubus_if",
        "PSBCW",
        "module",
        7
    ],
    "ubus_tb_top": [
        "ubus_tb_top",
        "fN1LV",
        "module",
        8
    ],
    "_vcs_unit__1213936711": [
        "_vcs_unit__1213936711",
        "HIkIN",
        "module",
        2
    ],
    "std": [
        "std",
        "reYIK",
        "module",
        3
    ],
    "uvm_pkg": [
        "uvm_pkg",
        "zr7M1",
        "module",
        4
    ],
    "ubus_pkg": [
        "ubus_pkg",
        "bWQY5",
        "module",
        6
    ],
    "...MASTER...": [
        "SIM",
        "amcQw",
        "module",
        9
    ]
}