<session version="1.1" release="M-2017.03-SP2" timestp="2019-08-18 13:31:24 GMT">
  <hvp>
    <datadef>
      <metdef name="Line" type="ratio" aggregator="average" builtin="1" />
      <metdef name="Cond" type="ratio" aggregator="average" builtin="1" />
      <metdef name="Toggle" type="ratio" aggregator="average" builtin="1" />
      <metdef name="FSM" type="ratio" aggregator="average" builtin="1" />
      <metdef name="Group" type="percent" aggregator="average" builtin="1" />
    </datadef>
  </hvp>
  <old_coverage>
  <scope type="top" name="top">
    <metric name="Line" value="56/58" />
    <metric name="Cond" value="15/22" />
    <metric name="Toggle" value="144/236" />
    <metric name="FSM" value="6/10" />
    <metric name="Group" value="38.4572%" />
  </scope>
  <scope type="instance" name="top">
  </scope>
  <scope type="group" name="top">
    <scope type="group" name="ubus_pkg::ubus_slave_monitor::cov_trans">
      <metric name="Group" value="36.25%" />
    </scope>
    <scope type="group" name="ubus_pkg::ubus_master_monitor::cov_trans">
      <metric name="Group" value="36.25%" />
    </scope>
    <scope type="group" name="ubus_pkg::ubus_slave_monitor::cov_trans_beat">
      <metric name="Group" value="40.6645%" />
    </scope>
    <scope type="group" name="ubus_pkg::ubus_master_monitor::cov_trans_beat">
      <metric name="Group" value="40.6645%" />
    </scope>
  </scope>
  <scope type="assert" name="Statistics">
  </scope>
  </old_coverage>
</session>