{
    "PEModules": [],
    "stat": {
        "ru_self_cgstart": {
            "ru_utime_sec": 4.004391,
            "ru_stime_sec": 0.183972,
            "ru_maxrss_kb": 140676,
            "ru_majflt": 0,
            "ru_minflt": 62870,
            "ru_nvcsw": 919,
            "ru_nivcsw": 641
        },
        "nQuads": 102848,
        "ru_self_end": {
            "ru_utime_sec": 7.3788780000000003,
            "ru_stime_sec": 0.27395799999999998,
            "ru_maxrss_kb": 152236,
            "ru_majflt": 0,
            "ru_minflt": 69410,
            "ru_nvcsw": 920,
            "ru_nivcsw": 1018
        },
        "ru_childs_cgstart": {
            "ru_utime_sec": 0.0009990000000000001,
            "ru_stime_sec": 0.0079979999999999999,
            "ru_maxrss_kb": 68184,
            "ru_majflt": 0,
            "ru_minflt": 1035,
            "ru_nvcsw": 2,
            "ru_nivcsw": 10
        },
        "CodeGen(%)": 45.731708804509303,
        "nMops": 289449,
        "outputSizePerQuad": 101.09429449284382,
        "totalObjSize": 10397346,
        "ru_childs_end": {
            "ru_utime_sec": 0.0009990000000000001,
            "ru_stime_sec": 0.0079979999999999999,
            "ru_maxrss_kb": 68184,
            "ru_majflt": 0,
            "ru_minflt": 1035,
            "ru_nvcsw": 2,
            "ru_nivcsw": 10
        },
        "mop/quad": 2.8143376633478532,
        "mopSpeed": 85775.704573761876,
        "quadSpeed": 30478.114154833012,
        "peak_mem_kb": 295384,
        "Frontend(%)": 54.268291195490697
    },
    "MlibObjs": {},
    "CompileStatus": "Successful",
    "PrevCompiledModules": {},
    "CurCompileModules": [
        "...MASTER...",
        "...MASTER...",
        "vcs_paramclassrepository",
        "vcs_paramclassrepository",
        "_vcs_unit__1213936711",
        "_vcs_unit__1213936711",
        "std",
        "std",
        "uvm_pkg",
        "uvm_pkg",
        "dut_dummy",
        "dut_dummy",
        "ubus_pkg",
        "ubus_pkg",
        "ubus_if",
        "ubus_if",
        "ubus_tb_top",
        "ubus_tb_top"
    ],
    "NameTable": {
        "vcs_paramclassrepository": [
            "vcs_paramclassrepository",
            "hEeZs",
            "module",
            1
        ],
        "dut_dummy": [
            "dut_dummy",
            "SfAKH",
            "module",
            5
        ],
        "ubus_if": [
            "ubus_if",
            "PSBCW",
            "module",
            7
        ],
        "ubus_tb_top": [
            "ubus_tb_top",
            "fN1LV",
            "module",
            8
        ],
        "_vcs_unit__1213936711": [
            "_vcs_unit__1213936711",
            "HIkIN",
            "module",
            2
        ],
        "std": [
            "std",
            "reYIK",
            "module",
            3
        ],
        "uvm_pkg": [
            "uvm_pkg",
            "zr7M1",
            "module",
            4
        ],
        "ubus_pkg": [
            "ubus_pkg",
            "bWQY5",
            "module",
            6
        ],
        "...MASTER...": [
            "SIM",
            "amcQw",
            "module",
            9
        ]
    },
    "CompileProcesses": [
        "cgproc.56914.json"
    ],
    "CurCompileUdps": {},
    "CompileStrategy": "fullobj",
    "Misc": {
        "archive_dir": "archive.0",
        "cwd": "/home/zhy/uvm/example_uvm/sim",
        "daidir_abs": "/home/zhy/uvm/example_uvm/sim/simv.daidir",
        "csrc": "csrc",
        "csrc_abs": "/home/zhy/uvm/example_uvm/sim/csrc",
        "daidir": "simv.daidir",
        "default_output_dir": "csrc"
    },
    "SIMBData": {
        "out": "amcQwB.o",
        "bytes": 387486,
        "archive": "archive.0/_56914_archive_1.a"
    },
    "LVLData": [
        "SIM"
    ]
}