{
    "stat": {
        "ru_self_end": {
            "ru_utime_sec": 7.3788780000000003,
            "ru_stime_sec": 0.27395799999999998,
            "ru_maxrss_kb": 152232,
            "ru_majflt": 0,
            "ru_minflt": 69407,
            "ru_nvcsw": 920,
            "ru_nivcsw": 1018
        },
        "ru_childs_end": {
            "ru_utime_sec": 0.0009990000000000001,
            "ru_stime_sec": 0.0079979999999999999,
            "ru_maxrss_kb": 68184,
            "ru_majflt": 0,
            "ru_minflt": 1035,
            "ru_nvcsw": 2,
            "ru_nivcsw": 10
        },
        "peak_mem_kb": 295384
    },
    "Modules": {
        "...MASTER...": {
            "start_perf": [
                5.0522429943084717,
                4.004391,
                0.183972,
                275252,
                282652,
                1566135078.5391099
            ],
            "end_perf": [
                5.0546281337738037,
                4.0063899999999997,
                0.183972,
                278356,
                282652
            ],
            "nQuads": 0,
            "nMops": 0
        },
        "vcs_paramclassrepository": {
            "Compiled": "Yes",
            "start_perf": [
                5.0546779632568359,
                4.0063899999999997,
                0.183972,
                278356,
                282652,
                1566135078.5415449
            ],
            "Compiled Times": 1,
            "end_perf": [
                5.9618141651153564,
                4.8942550000000002,
                0.20196900000000001,
                294308,
                294312
            ],
            "nQuads": 42887,
            "nMops": 118884
        },
        "dut_dummy": {
            "Compiled": "Yes",
            "start_perf": [
                8.3362231254577637,
                7.1959059999999999,
                0.268959,
                295332,
                295356,
                1566135081.8230901
            ],
            "Compiled Times": 1,
            "end_perf": [
                8.3439879417419434,
                7.2029040000000002,
                0.268959,
                295336,
                295360
            ],
            "nQuads": 682,
            "nMops": 1384
        },
        "ubus_if": {
            "Compiled": "Yes",
            "start_perf": [
                8.4925220012664795,
                7.3488819999999997,
                0.27195799999999998,
                295336,
                295360,
                1566135081.979389
            ],
            "Compiled Times": 1,
            "end_perf": [
                8.5113940238952637,
                7.3678790000000003,
                0.27195799999999998,
                295336,
                295360
            ],
            "nQuads": 1834,
            "nMops": 2857
        },
        "_vcs_unit__1213936711": {
            "Compiled": "Yes",
            "start_perf": [
                5.9618680477142334,
                4.8942550000000002,
                0.20196900000000001,
                294308,
                294312,
                1566135079.448735
            ],
            "Compiled Times": 1,
            "end_perf": [
                5.9819681644439697,
                4.9142520000000003,
                0.20196900000000001,
                294308,
                294332
            ],
            "nQuads": 445,
            "nMops": 1153
        },
        "std": {
            "Compiled": "Yes",
            "start_perf": [
                5.982025146484375,
                4.9152519999999997,
                0.20196900000000001,
                294308,
                294332,
                1566135079.4688921
            ],
            "Compiled Times": 1,
            "end_perf": [
                5.9908299446105957,
                4.9222510000000002,
                0.20296900000000001,
                294308,
                294332
            ],
            "nQuads": 227,
            "nMops": 488
        },
        "uvm_pkg": {
            "Compiled": "Yes",
            "start_perf": [
                5.9908909797668457,
                4.9222510000000002,
                0.20296900000000001,
                294308,
                294332,
                1566135079.4777579
            ],
            "Compiled Times": 1,
            "end_perf": [
                8.336169958114624,
                7.1959059999999999,
                0.268959,
                295332,
                295356
            ],
            "nQuads": 47971,
            "nMops": 141785
        },
        "ubus_pkg": {
            "Compiled": "Yes",
            "start_perf": [
                8.3440210819244385,
                7.2029040000000002,
                0.268959,
                295336,
                295360,
                1566135081.830888
            ],
            "Compiled Times": 1,
            "end_perf": [
                8.4924700260162354,
                7.3488819999999997,
                0.27195799999999998,
                295336,
                295360
            ],
            "nQuads": 8572,
            "nMops": 22342
        },
        "ubus_tb_top": {
            "Compiled": "Yes",
            "start_perf": [
                8.511444091796875,
                7.3678790000000003,
                0.27195799999999998,
                295336,
                295360,
                1566135081.998311
            ],
            "Compiled Times": 1,
            "end_perf": [
                8.516517162322998,
                7.3718789999999998,
                0.27295799999999998,
                295336,
                295360
            ],
            "nQuads": 230,
            "nMops": 556
        }
    },
    "reusePaths": {},
    "CompUnits": {
        "fN1LV_d": {
            "mod": "ubus_tb_top",
            "out": "fN1LV_d.o",
            "bytes": 19199,
            "mode": 4,
            "checksum": 0,
            "archive": "archive.0/_56914_archive_1.a"
        },
        "amcQw_d": {
            "mod": "...MASTER...",
            "out": "objs/amcQw_d.o",
            "bytes": 8341,
            "mode": 4,
            "checksum": 0
        },
        "zr7M1_d": {
            "mod": "uvm_pkg",
            "out": "zr7M1_d.o",
            "bytes": 3919862,
            "mode": 4,
            "checksum": 0,
            "archive": "archive.0/_56914_archive_1.a"
        },
        "hEeZs_d": {
            "mod": "vcs_paramclassrepository",
            "out": "hEeZs_d.o",
            "bytes": 5240187,
            "mode": 4,
            "checksum": 0,
            "archive": "archive.0/_56914_archive_1.a"
        },
        "HIkIN_d": {
            "mod": "_vcs_unit__1213936711",
            "out": "HIkIN_d.o",
            "bytes": 85679,
            "mode": 4,
            "checksum": 0,
            "archive": "archive.0/_56914_archive_1.a"
        },
        "SfAKH_d": {
            "mod": "dut_dummy",
            "out": "SfAKH_d.o",
            "bytes": 19570,
            "mode": 4,
            "checksum": 0,
            "archive": "archive.0/_56914_archive_1.a"
        },
        "PSBCW_d": {
            "mod": "ubus_if",
            "out": "PSBCW_d.o",
            "bytes": 74643,
            "mode": 4,
            "checksum": 0,
            "archive": "archive.0/_56914_archive_1.a"
        },
        "reYIK_d": {
            "mod": "std",
            "out": "reYIK_d.o",
            "bytes": 34907,
            "mode": 4,
            "checksum": 0,
            "archive": "archive.0/_56914_archive_1.a"
        },
        "bWQY5_d": {
            "mod": "ubus_pkg",
            "out": "bWQY5_d.o",
            "bytes": 607472,
            "mode": 4,
            "checksum": 0,
            "archive": "archive.0/_56914_archive_1.a"
        }
    },
    "ObjArchives": [
        {
            "archive": "archive.0/_56914_archive_1.a",
            "objects": [
                [
                    "hEeZs_d.o",
                    5240187
                ],
                [
                    "HIkIN_d.o",
                    85679
                ],
                [
                    "reYIK_d.o",
                    34907
                ],
                [
                    "zr7M1_d.o",
                    3919862
                ],
                [
                    "SfAKH_d.o",
                    19570
                ],
                [
                    "bWQY5_d.o",
                    607472
                ],
                [
                    "PSBCW_d.o",
                    74643
                ],
                [
                    "fN1LV_d.o",
                    19199
                ],
                [
                    "amcQwB.o",
                    387486
                ]
            ],
            "size": 10389005
        }
    ]
}